{"HP":96.0,"PP":{"x":-41.047447204589847,"y":-1.3965039253234864}}